{"cameraMode":{"drawMode":0,"name":"Shaded","section":"Shading Mode"},"sceneLighting":false,"audioPlay":false,"sceneViewState":{"showFog":true,"showMaterialUpdate":false,"showSkybox":false,"showFlares":true,"showImageEffects":true,"showParticleSystems":true},"in2DMode":false,"pivot":{"x":4.6089935302734379,"y":22.48297882080078,"z":-14.227577209472657},"rotation":{"x":-0.010749840177595616,"y":-0.6054654717445374,"z":0.00816653948277235,"w":-0.7957786917686462},"size":43.07487487792969,"orthographic":false}